N_b,state,fidelity,energy,energy_per_site,energy_above_ground
3,before_SW,0.4211520600707218,0.0,0.0,6.808414466441853
3,SW_phi_0.5,0.834296653705431,-6.002450489808691,-0.3751531556130432,0.8059639766331621
3,optimized_best_SW,0.851475930058,-6.344713889919371,-0.39654461811996067,0.4637005765224824
4,before_SW,0.42909514649160774,0.0,0.0,6.808414466441853
4,SW_phi_0.5,0.8504910813965244,-6.010480477201207,-0.3756550298250754,0.7979339892406463
4,optimized_best_SW,0.8678666852903375,-6.353199727636039,-0.3970749829772524,0.45521473880581453
5,before_SW,0.4474017743522999,0.0,0.0,6.808414466441853
5,SW_phi_0.5,0.887371940092845,-6.026215561134475,-0.3766384725709047,0.7821989053073777
5,optimized_best_SW,0.9053204530596985,-6.371353027575104,-0.398209564223444,0.4370614388667491
